<?xml version="1.0" encoding="UTF-8"?>
<project-private xmlns="http://www.netbeans.org/ns/project-private/1">
    <editor-bookmarks xmlns="http://www.netbeans.org/ns/editor-bookmarks/2" lastBookmarkId="0"/>
    <open-files xmlns="http://www.netbeans.org/ns/projectui-open-files/2">
        <group>
            <file>file:/C:/Users/OMIKUNLE%20ABDULKAREEM/Documents/NetBeansProjects/Library%20Management%20System/src/frontend/Home.java</file>
            <file>file:/C:/Users/OMIKUNLE%20ABDULKAREEM/Documents/NetBeansProjects/Library%20Management%20System/src/frontend/newBook.java</file>
            <file>file:/C:/Users/OMIKUNLE%20ABDULKAREEM/Documents/NetBeansProjects/Library%20Management%20System/src/frontend/newStudent.java</file>
            <file>file:/C:/Users/OMIKUNLE%20ABDULKAREEM/Documents/NetBeansProjects/Library%20Management%20System/src/frontend/login.java</file>
            <file>file:/C:/Users/OMIKUNLE%20ABDULKAREEM/Documents/NetBeansProjects/Library%20Management%20System/src/frontend/issueBook.java</file>
        </group>
    </open-files>
</project-private>
